-- phpMyAdmin SQL Dump
-- version 3.5.3
-- http://www.phpmyadmin.net
--
-- Хост: 127.0.0.1
-- Время создания: Дек 04 2014 г., 10:51
-- Версия сервера: 5.6.13-log
-- Версия PHP: 5.4.17

SET SQL_MODE="NO_AUTO_VALUE_ON_ZERO";
SET time_zone = "+00:00";


/*!40101 SET @OLD_CHARACTER_SET_CLIENT=@@CHARACTER_SET_CLIENT */;
/*!40101 SET @OLD_CHARACTER_SET_RESULTS=@@CHARACTER_SET_RESULTS */;
/*!40101 SET @OLD_COLLATION_CONNECTION=@@COLLATION_CONNECTION */;
/*!40101 SET NAMES utf8 */;

--
-- База данных: `invoice`
--

-- --------------------------------------------------------

--
-- Структура таблицы `auth_assignment`
--

CREATE TABLE IF NOT EXISTS `auth_assignment` (
  `item_name` varchar(64) NOT NULL,
  `user_id` varchar(64) NOT NULL,
  `created_at` int(11) DEFAULT NULL,
  PRIMARY KEY (`item_name`,`user_id`)
) ENGINE=InnoDB DEFAULT CHARSET=utf8;

--
-- Дамп данных таблицы `auth_assignment`
--

INSERT INTO `auth_assignment` (`item_name`, `user_id`, `created_at`) VALUES
('admin', '3', 1417675371),
('manager', '2', 1417675338),
('superadmin', '4', 1417675394),
('user', '1', 1417675305);

-- --------------------------------------------------------

--
-- Структура таблицы `auth_item`
--

CREATE TABLE IF NOT EXISTS `auth_item` (
  `name` varchar(64) NOT NULL,
  `type` int(11) NOT NULL,
  `description` text,
  `rule_name` varchar(64) DEFAULT NULL,
  `data` text,
  `created_at` int(11) DEFAULT NULL,
  `updated_at` int(11) DEFAULT NULL,
  PRIMARY KEY (`name`),
  KEY `rule_name` (`rule_name`),
  KEY `type` (`type`)
) ENGINE=InnoDB DEFAULT CHARSET=utf8;

--
-- Дамп данных таблицы `auth_item`
--

INSERT INTO `auth_item` (`name`, `type`, `description`, `rule_name`, `data`, `created_at`, `updated_at`) VALUES
('admin', 1, 'Admin', 'group', NULL, 1417675253, 1417675253),
('manager', 1, 'Manager', 'group', NULL, 1417675253, 1417675253),
('superadmin', 1, 'Superadmin', 'group', NULL, 1417675253, 1417675253),
('user', 1, 'User', 'group', NULL, 1417675253, 1417675253);

-- --------------------------------------------------------

--
-- Структура таблицы `auth_item_child`
--

CREATE TABLE IF NOT EXISTS `auth_item_child` (
  `parent` varchar(64) NOT NULL,
  `child` varchar(64) NOT NULL,
  PRIMARY KEY (`parent`,`child`),
  KEY `child` (`child`)
) ENGINE=InnoDB DEFAULT CHARSET=utf8;

--
-- Дамп данных таблицы `auth_item_child`
--

INSERT INTO `auth_item_child` (`parent`, `child`) VALUES
('superadmin', 'admin'),
('admin', 'manager'),
('manager', 'user');

-- --------------------------------------------------------

--
-- Структура таблицы `auth_rule`
--

CREATE TABLE IF NOT EXISTS `auth_rule` (
  `name` varchar(64) NOT NULL,
  `data` text,
  `created_at` int(11) DEFAULT NULL,
  `updated_at` int(11) DEFAULT NULL,
  PRIMARY KEY (`name`)
) ENGINE=InnoDB DEFAULT CHARSET=utf8;

--
-- Дамп данных таблицы `auth_rule`
--

INSERT INTO `auth_rule` (`name`, `data`, `created_at`, `updated_at`) VALUES
('group', 'O:29:"app\\components\\rbac\\GroupRule":3:{s:4:"name";s:5:"group";s:9:"createdAt";i:1417675253;s:9:"updatedAt";i:1417675253;}', 1417675253, 1417675253);

-- --------------------------------------------------------

--
-- Структура таблицы `user`
--

CREATE TABLE IF NOT EXISTS `user` (
  `id` int(11) NOT NULL AUTO_INCREMENT,
  `username` varchar(255) COLLATE utf8_unicode_ci NOT NULL,
  `password_hash` varchar(255) COLLATE utf8_unicode_ci NOT NULL,
  `password_reset_token` varchar(255) COLLATE utf8_unicode_ci NOT NULL,
  `email` varchar(255) COLLATE utf8_unicode_ci NOT NULL,
  `email_confirm_token` varchar(255) COLLATE utf8_unicode_ci NOT NULL,
  `auth_key` varchar(255) COLLATE utf8_unicode_ci NOT NULL,
  `role` varchar(40) COLLATE utf8_unicode_ci NOT NULL,
  `status` int(11) NOT NULL,
  `created_at` int(11) NOT NULL,
  `updated_at` int(11) NOT NULL,
  `admin_id` int(11) NOT NULL DEFAULT '0',
  `manager_id` int(11) NOT NULL DEFAULT '0',
  PRIMARY KEY (`id`)
) ENGINE=InnoDB  DEFAULT CHARSET=utf8 COLLATE=utf8_unicode_ci AUTO_INCREMENT=5 ;

--
-- Дамп данных таблицы `user`
--

INSERT INTO `user` (`id`, `username`, `password_hash`, `password_reset_token`, `email`, `email_confirm_token`, `auth_key`, `role`, `status`, `created_at`, `updated_at`, `admin_id`, `manager_id`) VALUES
(1, 'test', '$2y$13$B4DPxXs0/GKHt4Z81yiRM.DHwgr5tk4HNyorp1g8VmzWdDtEbMWJW', '', 'test@mail.ru', '', 'OSgDej5fe8zJdRy_N2AshqP3P2e5gTUL', 'user', 10, 1417675305, 1417675305, 0, 0),
(2, 'manager', '$2y$13$Ir6j3GVK.Fdh0l7cM8fsGO2QHCKxTNoKKnCZGlqm25KFXwXdR5kTK', '', 'manager@mail.ru', '', '0pIFtMFMleZ_CmZdK240ti2bNyJBH98L', 'manager', 10, 1417675338, 1417675338, 0, 0),
(3, 'admin', '$2y$13$9dqaQK3viYvdoAAI0Oy0XuUqfiSJ0saJXM2qYQ2A0TzA1QFV56Q6.', '', 'admin@mail.ru', '', 'pI8Z6XtcXeUKQKEJoPYBazoP5-qo3zmv', 'admin', 10, 1417675371, 1417675371, 0, 0),
(4, 'superadmin', '$2y$13$Kqo/vATU4BSO9XT.Xm.jNOz.kIaUBBhCsHm.WHfauI5ZGkDkrXMvK', '', 'superadmin@mail.ru', '', 'MqtOr8ySQ7k2QFMEN3KhX3QBOEw9fDVD', 'superadmin', 10, 1417675394, 1417675394, 0, 0);

--
-- Ограничения внешнего ключа сохраненных таблиц
--

--
-- Ограничения внешнего ключа таблицы `auth_assignment`
--
ALTER TABLE `auth_assignment`
  ADD CONSTRAINT `auth_assignment_ibfk_1` FOREIGN KEY (`item_name`) REFERENCES `auth_item` (`name`) ON DELETE CASCADE ON UPDATE CASCADE;

--
-- Ограничения внешнего ключа таблицы `auth_item`
--
ALTER TABLE `auth_item`
  ADD CONSTRAINT `auth_item_ibfk_1` FOREIGN KEY (`rule_name`) REFERENCES `auth_rule` (`name`) ON DELETE SET NULL ON UPDATE CASCADE;

--
-- Ограничения внешнего ключа таблицы `auth_item_child`
--
ALTER TABLE `auth_item_child`
  ADD CONSTRAINT `auth_item_child_ibfk_1` FOREIGN KEY (`parent`) REFERENCES `auth_item` (`name`) ON DELETE CASCADE ON UPDATE CASCADE,
  ADD CONSTRAINT `auth_item_child_ibfk_2` FOREIGN KEY (`child`) REFERENCES `auth_item` (`name`) ON DELETE CASCADE ON UPDATE CASCADE;

/*!40101 SET CHARACTER_SET_CLIENT=@OLD_CHARACTER_SET_CLIENT */;
/*!40101 SET CHARACTER_SET_RESULTS=@OLD_CHARACTER_SET_RESULTS */;
/*!40101 SET COLLATION_CONNECTION=@OLD_COLLATION_CONNECTION */;
